{"test_buzzni": 0.881619937694704, "test_acc_at_1": 0.816, "test_acc_at_k": 0.9946666666666667, "test_f1": 0.7946903426076757, "test_precision": 0.7918079550079551, "test_recall": 0.816}