{"test_buzzni": 0.6257088846880907, "test_acc_at_1": 0.5733333333333334, "test_acc_at_k": 0.9066666666666666, "test_f1": 0.5338455560112203, "test_precision": 0.566188689088689, "test_recall": 0.5733333333333334}